Category,Mean,Variance
left,190.08224844100306,1715.4955367718846
right,193.29004700501847,2239.2078357247738
middle,168.56909652034489,1013.9138770954455
